,Id,Gender,Race_or_Ethnicity,Parental_Level_Of_Education,Lunch,Test_Preparation_Course,Math_Score,Reading_Score,Writing_Score,edu_name,edu_type
0,1,female,group B,bachelor's degree,standard,none,72,72,74,bachelor's,degree
1,2,female,group C,some college,standard,completed,69,90,88,some,college
2,3,female,group B,master's degree,standard,none,90,95,93,master's,degree
3,4,male,group A,associate's degree,free/reduced,none,47,57,44,associate's,degree
4,5,male,group C,some college,standard,none,76,78,75,some,college
5,6,female,group B,associate's degree,standard,none,71,83,78,associate's,degree
6,7,female,group B,some college,standard,completed,88,95,92,some,college
7,8,male,group B,some college,free/reduced,none,40,43,39,some,college
8,9,male,group D,high school,free/reduced,completed,64,64,67,high,school
9,10,female,group B,high school,free/reduced,none,38,60,50,high,school
10,11,male,group C,associate's degree,standard,none,58,54,52,associate's,degree
11,12,male,group D,associate's degree,standard,none,40,52,43,associate's,degree
12,13,female,group B,high school,standard,none,65,81,73,high,school
13,14,male,group A,some college,standard,completed,78,72,70,some,college
14,15,female,group A,master's degree,standard,none,50,53,58,master's,degree
15,16,female,group C,some high school,standard,none,69,75,78,some,high school
16,17,male,group C,high school,standard,none,88,89,86,high,school
17,18,female,group B,some high school,free/reduced,none,18,32,28,some,high school
18,19,male,group C,master's degree,free/reduced,completed,46,42,46,master's,degree
19,20,female,group C,associate's degree,free/reduced,none,54,58,61,associate's,degree
20,21,male,group D,high school,standard,none,66,69,63,high,school
21,22,female,group B,some college,free/reduced,completed,65,75,70,some,college
22,23,male,group D,some college,standard,none,44,54,53,some,college
23,24,female,group C,some high school,standard,none,69,73,73,some,high school
24,25,male,group D,bachelor's degree,free/reduced,completed,74,71,80,bachelor's,degree
25,26,male,group A,master's degree,free/reduced,none,73,74,72,master's,degree
26,27,male,group B,some college,standard,none,69,54,55,some,college
27,28,female,group C,bachelor's degree,standard,none,67,69,75,bachelor's,degree
28,29,male,group C,high school,standard,none,70,70,65,high,school
29,30,female,group D,master's degree,standard,none,62,70,75,master's,degree
30,31,female,group D,some college,standard,none,69,74,74,some,college
31,32,female,group B,some college,standard,none,63,65,61,some,college
32,33,female,group E,master's degree,free/reduced,none,56,72,65,master's,degree
33,34,male,group D,some college,standard,none,40,42,38,some,college
34,35,male,group E,some college,standard,none,97,87,82,some,college
35,36,male,group E,associate's degree,standard,completed,81,81,79,associate's,degree
36,37,female,group D,associate's degree,standard,none,74,81,83,associate's,degree
37,38,female,group D,some high school,free/reduced,none,50,64,59,some,high school
38,39,female,group D,associate's degree,free/reduced,completed,75,90,88,associate's,degree
39,40,male,group B,associate's degree,free/reduced,none,57,56,57,associate's,degree
40,41,male,group C,associate's degree,free/reduced,none,55,61,54,associate's,degree
41,42,female,group C,associate's degree,standard,none,58,73,68,associate's,degree
42,43,female,group B,associate's degree,standard,none,53,58,65,associate's,degree
43,44,male,group B,some college,free/reduced,completed,59,65,66,some,college
44,45,female,group E,associate's degree,free/reduced,none,50,56,54,associate's,degree
45,46,male,group B,associate's degree,standard,none,65,54,57,associate's,degree
46,47,female,group A,associate's degree,standard,completed,55,65,62,associate's,degree
47,48,female,group C,high school,standard,none,66,71,76,high,school
48,49,female,group D,associate's degree,free/reduced,completed,57,74,76,associate's,degree
49,50,male,group C,high school,standard,completed,82,84,82,high,school
50,51,male,group E,some college,standard,none,53,55,48,some,college
51,52,male,group E,associate's degree,free/reduced,completed,77,69,68,associate's,degree
52,53,male,group C,some college,standard,none,53,44,42,some,college
53,54,male,group D,high school,standard,none,88,78,75,high,school
54,55,female,group C,some high school,free/reduced,completed,71,84,87,some,high school
55,56,female,group C,high school,free/reduced,none,33,41,43,high,school
56,57,female,group E,associate's degree,standard,completed,82,85,86,associate's,degree
57,58,male,group D,associate's degree,standard,none,52,55,49,associate's,degree
58,59,male,group D,some college,standard,completed,58,59,58,some,college
59,60,female,group C,some high school,free/reduced,none,0,17,10,some,high school
60,61,male,group E,bachelor's degree,free/reduced,completed,79,74,72,bachelor's,degree
61,62,male,group A,some high school,free/reduced,none,39,39,34,some,high school
62,63,male,group A,associate's degree,free/reduced,none,62,61,55,associate's,degree
63,64,female,group C,associate's degree,standard,none,69,80,71,associate's,degree
64,65,female,group D,some high school,standard,none,59,58,59,some,high school
65,66,male,group B,some high school,standard,none,67,64,61,some,high school
66,67,male,group D,some high school,free/reduced,none,45,37,37,some,high school
67,68,female,group C,some college,standard,none,60,72,74,some,college
68,69,male,group B,associate's degree,free/reduced,none,61,58,56,associate's,degree
69,70,female,group C,associate's degree,standard,none,39,64,57,associate's,degree
70,71,female,group D,some college,free/reduced,completed,58,63,73,some,college
71,72,male,group D,some college,standard,completed,63,55,63,some,college
72,73,female,group A,associate's degree,free/reduced,none,41,51,48,associate's,degree
73,74,male,group C,some high school,free/reduced,none,61,57,56,some,high school
74,75,male,group C,some high school,standard,none,49,49,41,some,high school
75,76,male,group B,associate's degree,free/reduced,none,44,41,38,associate's,degree
76,77,male,group E,some high school,standard,none,30,26,22,some,high school
77,78,male,group A,bachelor's degree,standard,completed,80,78,81,bachelor's,degree
78,79,female,group D,some high school,standard,completed,61,74,72,some,high school
79,80,female,group E,master's degree,standard,none,62,68,68,master's,degree
80,81,female,group B,associate's degree,standard,none,47,49,50,associate's,degree
81,82,male,group B,high school,free/reduced,none,49,45,45,high,school
82,83,male,group A,some college,free/reduced,completed,50,47,54,some,college
83,84,male,group E,associate's degree,standard,none,72,64,63,associate's,degree
84,85,male,group D,high school,free/reduced,none,42,39,34,high,school
85,86,female,group C,some college,standard,none,73,80,82,some,college
86,87,female,group C,some college,free/reduced,none,76,83,88,some,college
87,88,female,group D,associate's degree,standard,none,71,71,74,associate's,degree
88,89,female,group A,some college,standard,none,58,70,67,some,college
89,90,female,group D,some high school,standard,none,73,86,82,some,high school
90,91,female,group C,bachelor's degree,standard,none,65,72,74,bachelor's,degree
91,92,male,group C,high school,free/reduced,none,27,34,36,high,school
92,93,male,group C,high school,standard,none,71,79,71,high,school
93,94,male,group C,associate's degree,free/reduced,completed,43,45,50,associate's,degree
94,95,female,group B,some college,standard,none,79,86,92,some,college
95,96,male,group C,associate's degree,free/reduced,completed,78,81,82,associate's,degree
96,97,male,group B,some high school,standard,completed,65,66,62,some,high school
97,98,female,group E,some college,standard,completed,63,72,70,some,college
98,99,female,group D,some college,free/reduced,none,58,67,62,some,college
99,100,female,group D,bachelor's degree,standard,none,65,67,62,bachelor's,degree
100,101,male,group B,some college,standard,none,79,67,67,some,college
101,102,male,group D,bachelor's degree,standard,completed,68,74,74,bachelor's,degree
102,103,female,group D,associate's degree,standard,none,85,91,89,associate's,degree
103,104,male,group B,high school,standard,completed,60,44,47,high,school
104,105,male,group C,some college,standard,completed,98,86,90,some,college
105,106,female,group C,some college,standard,none,58,67,72,some,college
106,107,female,group D,master's degree,standard,none,87,100,100,master's,degree
107,108,male,group E,associate's degree,standard,completed,66,63,64,associate's,degree
108,109,female,group B,associate's degree,free/reduced,none,52,76,70,associate's,degree
109,110,female,group B,some high school,standard,none,70,64,72,some,high school
110,111,female,group D,associate's degree,free/reduced,completed,77,89,98,associate's,degree
111,112,male,group C,high school,standard,none,62,55,49,high,school
112,113,male,group A,associate's degree,standard,none,54,53,47,associate's,degree
113,114,female,group D,some college,standard,none,51,58,54,some,college
114,115,female,group E,bachelor's degree,standard,completed,99,100,100,bachelor's,degree
115,116,male,group C,high school,standard,none,84,77,74,high,school
116,117,female,group B,bachelor's degree,free/reduced,none,75,85,82,bachelor's,degree
117,118,female,group D,bachelor's degree,standard,none,78,82,79,bachelor's,degree
118,119,female,group D,some high school,standard,none,51,63,61,some,high school
119,120,female,group C,some college,standard,none,55,69,65,some,college
120,121,female,group C,bachelor's degree,standard,completed,79,92,89,bachelor's,degree
121,122,male,group B,associate's degree,standard,completed,91,89,92,associate's,degree
122,123,female,group C,some college,standard,completed,88,93,93,some,college
123,124,male,group D,high school,free/reduced,none,63,57,56,high,school
124,125,male,group E,some college,standard,none,83,80,73,some,college
125,126,female,group B,high school,standard,none,87,95,86,high,school
126,127,male,group B,some high school,standard,none,72,68,67,some,high school
127,128,male,group D,some college,standard,completed,65,77,74,some,college
128,129,male,group D,master's degree,standard,none,82,82,74,master's,degree
129,130,female,group A,bachelor's degree,standard,none,51,49,51,bachelor's,degree
130,131,male,group D,master's degree,standard,none,89,84,82,master's,degree
131,132,male,group C,some high school,free/reduced,completed,53,37,40,some,high school
132,133,male,group E,some college,free/reduced,completed,87,74,70,some,college
133,134,female,group C,some college,standard,completed,75,81,84,some,college
134,135,male,group D,bachelor's degree,free/reduced,completed,74,79,75,bachelor's,degree
135,136,male,group C,bachelor's degree,standard,none,58,55,48,bachelor's,degree
136,137,male,group B,some high school,standard,completed,51,54,41,some,high school
137,138,male,group E,high school,standard,none,70,55,56,high,school
138,139,female,group C,associate's degree,standard,none,59,66,67,associate's,degree
139,140,male,group D,some college,standard,completed,71,61,69,some,college
140,141,female,group D,some high school,standard,none,76,72,71,some,high school
141,142,female,group C,some college,free/reduced,none,59,62,64,some,college
142,143,female,group E,some college,free/reduced,completed,42,55,54,some,college
143,144,male,group A,high school,standard,none,57,43,47,high,school
144,145,male,group D,some college,standard,none,88,73,78,some,college
145,146,female,group C,some college,free/reduced,none,22,39,33,some,college
146,147,male,group B,some high school,standard,none,88,84,75,some,high school
147,148,male,group C,associate's degree,free/reduced,none,73,68,66,associate's,degree
148,149,female,group D,bachelor's degree,standard,completed,68,75,81,bachelor's,degree
149,150,male,group E,associate's degree,free/reduced,completed,100,100,93,associate's,degree
150,151,male,group A,some high school,standard,completed,62,67,69,some,high school
151,152,male,group A,bachelor's degree,standard,none,77,67,68,bachelor's,degree
152,153,female,group B,associate's degree,standard,completed,59,70,66,associate's,degree
153,154,male,group D,bachelor's degree,standard,none,54,49,47,bachelor's,degree
154,155,male,group D,some high school,standard,none,62,67,61,some,high school
155,156,female,group C,some college,standard,completed,70,89,88,some,college
156,157,female,group E,high school,free/reduced,completed,66,74,78,high,school
157,158,male,group B,some college,free/reduced,none,60,60,60,some,college
158,159,female,group B,associate's degree,standard,completed,61,86,87,associate's,degree
159,160,male,group D,associate's degree,free/reduced,none,66,62,64,associate's,degree
160,161,male,group B,associate's degree,free/reduced,completed,82,78,74,associate's,degree
161,162,female,group E,some college,free/reduced,completed,75,88,85,some,college
162,163,male,group B,master's degree,free/reduced,none,49,53,52,master's,degree
163,164,male,group C,high school,standard,none,52,53,49,high,school
164,165,female,group E,master's degree,standard,none,81,92,91,master's,degree
165,166,female,group C,bachelor's degree,standard,completed,96,100,100,bachelor's,degree
166,167,male,group C,high school,free/reduced,completed,53,51,51,high,school
167,168,female,group B,master's degree,free/reduced,completed,58,76,78,master's,degree
168,169,female,group B,high school,standard,completed,68,83,78,high,school
169,170,female,group C,some college,free/reduced,completed,67,75,70,some,college
170,171,male,group A,high school,standard,completed,72,73,74,high,school
171,172,male,group E,some high school,standard,none,94,88,78,some,high school
172,173,female,group D,some college,standard,none,79,86,81,some,college
173,174,female,group C,associate's degree,standard,none,63,67,70,associate's,degree
174,175,female,group C,bachelor's degree,free/reduced,completed,43,51,54,bachelor's,degree
175,176,female,group C,master's degree,standard,completed,81,91,87,master's,degree
176,177,female,group B,high school,free/reduced,completed,46,54,58,high,school
177,178,female,group C,associate's degree,standard,completed,71,77,77,associate's,degree
178,179,female,group B,master's degree,free/reduced,completed,52,70,62,master's,degree
179,180,female,group D,some high school,standard,completed,97,100,100,some,high school
180,181,male,group C,master's degree,free/reduced,completed,62,68,75,master's,degree
181,182,female,group C,some college,free/reduced,none,46,64,66,some,college
182,183,female,group E,high school,standard,none,50,50,47,high,school
183,184,female,group D,associate's degree,standard,none,65,69,70,associate's,degree
184,185,male,group C,some high school,free/reduced,completed,45,52,49,some,high school
185,186,male,group C,associate's degree,free/reduced,completed,65,67,65,associate's,degree
186,187,male,group E,high school,standard,none,80,76,65,high,school
187,188,male,group D,some high school,standard,completed,62,66,68,some,high school
188,189,male,group B,some high school,free/reduced,none,48,52,45,some,high school
189,190,female,group C,bachelor's degree,standard,none,77,88,87,bachelor's,degree
190,191,female,group E,associate's degree,standard,none,66,65,69,associate's,degree
191,192,male,group D,some college,standard,completed,76,83,79,some,college
192,193,female,group B,some high school,standard,none,62,64,66,some,high school
193,194,male,group D,some college,standard,completed,77,62,62,some,college
194,195,female,group C,master's degree,standard,completed,69,84,85,master's,degree
195,196,male,group D,associate's degree,standard,none,61,55,52,associate's,degree
196,197,male,group C,some high school,free/reduced,completed,59,69,65,some,high school
197,198,male,group E,high school,free/reduced,none,55,56,51,high,school
198,199,female,group B,some college,free/reduced,none,45,53,55,some,college
199,200,female,group B,bachelor's degree,free/reduced,none,78,79,76,bachelor's,degree
200,201,female,group C,associate's degree,standard,completed,67,84,86,associate's,degree
201,202,female,group D,some college,free/reduced,none,65,81,77,some,college
202,203,male,group C,associate's degree,standard,none,69,77,69,associate's,degree
203,204,female,group B,associate's degree,standard,none,57,69,68,associate's,degree
204,205,male,group C,some college,standard,none,59,41,42,some,college
205,206,male,group D,some high school,standard,completed,74,71,78,some,high school
206,207,male,group E,bachelor's degree,standard,none,82,62,62,bachelor's,degree
207,208,male,group E,high school,standard,completed,81,80,76,high,school
208,209,female,group B,some college,free/reduced,none,74,81,76,some,college
209,210,female,group B,some college,free/reduced,none,58,61,66,some,college
210,211,male,group D,some high school,free/reduced,completed,80,79,79,some,high school
211,212,male,group C,some college,free/reduced,none,35,28,27,some,college
212,213,female,group C,high school,free/reduced,none,42,62,60,high,school
213,214,male,group C,associate's degree,free/reduced,completed,60,51,56,associate's,degree
214,215,male,group E,high school,standard,completed,87,91,81,high,school
215,216,male,group B,some high school,standard,completed,84,83,75,some,high school
216,217,female,group E,associate's degree,free/reduced,completed,83,86,88,associate's,degree
217,218,female,group C,high school,free/reduced,none,34,42,39,high,school
218,219,male,group B,high school,free/reduced,none,66,77,70,high,school
219,220,male,group B,some high school,standard,completed,61,56,56,some,high school
220,221,female,group D,high school,standard,completed,56,68,74,high,school
221,222,male,group B,associate's degree,standard,none,87,85,73,associate's,degree
222,223,female,group C,some high school,free/reduced,none,55,65,62,some,high school
223,224,male,group D,some high school,standard,none,86,80,75,some,high school
224,225,female,group B,associate's degree,standard,completed,52,66,73,associate's,degree
225,226,female,group E,master's degree,free/reduced,none,45,56,54,master's,degree
226,227,female,group C,some college,standard,none,72,72,71,some,college
227,228,male,group D,high school,standard,none,57,50,54,high,school
228,229,male,group A,some high school,free/reduced,none,68,72,64,some,high school
229,230,female,group C,some college,standard,completed,88,95,94,some,college
230,231,male,group D,some college,standard,none,76,64,66,some,college
231,232,male,group C,associate's degree,standard,none,46,43,42,associate's,degree
232,233,female,group B,bachelor's degree,standard,none,67,86,83,bachelor's,degree
233,234,male,group E,some high school,standard,none,92,87,78,some,high school
234,235,male,group C,bachelor's degree,standard,completed,83,82,84,bachelor's,degree
235,236,male,group D,associate's degree,standard,none,80,75,77,associate's,degree
236,237,male,group D,bachelor's degree,free/reduced,none,63,66,67,bachelor's,degree
237,238,female,group D,some high school,standard,completed,64,60,74,some,high school
238,239,male,group B,some college,standard,none,54,52,51,some,college
239,240,male,group C,associate's degree,standard,none,84,80,80,associate's,degree
240,241,male,group D,high school,free/reduced,completed,73,68,66,high,school
241,242,female,group E,bachelor's degree,standard,none,80,83,83,bachelor's,degree
242,243,female,group D,high school,standard,none,56,52,55,high,school
243,244,male,group E,some college,standard,none,59,51,43,some,college
244,245,male,group D,some high school,standard,none,75,74,69,some,high school
245,246,male,group C,associate's degree,standard,none,85,76,71,associate's,degree
246,247,male,group E,associate's degree,standard,none,89,76,74,associate's,degree
247,248,female,group B,high school,standard,completed,58,70,68,high,school
248,249,female,group B,high school,standard,none,65,64,62,high,school
249,250,male,group C,high school,standard,none,68,60,53,high,school
250,251,male,group A,some high school,standard,completed,47,49,49,some,high school
251,252,female,group D,some college,free/reduced,none,71,83,83,some,college
252,253,female,group B,some high school,standard,completed,60,70,70,some,high school
253,254,male,group D,master's degree,standard,none,80,80,72,master's,degree
254,255,male,group D,high school,standard,none,54,52,52,high,school
255,256,female,group E,some college,standard,none,62,73,70,some,college
256,257,female,group C,associate's degree,free/reduced,none,64,73,68,associate's,degree
257,258,male,group C,associate's degree,standard,completed,78,77,77,associate's,degree
258,259,female,group B,some college,standard,none,70,75,78,some,college
259,260,female,group C,master's degree,free/reduced,completed,65,81,81,master's,degree
260,261,female,group C,some high school,free/reduced,completed,64,79,77,some,high school
261,262,male,group C,some college,standard,completed,79,79,78,some,college
262,263,female,group C,some high school,free/reduced,none,44,50,51,some,high school
263,264,female,group E,high school,standard,none,99,93,90,high,school
264,265,male,group D,high school,standard,none,76,73,68,high,school
265,266,male,group D,some high school,free/reduced,none,59,42,41,some,high school
266,267,female,group C,bachelor's degree,standard,none,63,75,81,bachelor's,degree
267,268,female,group D,high school,standard,none,69,72,77,high,school
268,269,female,group D,associate's degree,standard,completed,88,92,95,associate's,degree
269,270,female,group E,some college,free/reduced,none,71,76,70,some,college
270,271,male,group C,bachelor's degree,standard,none,69,63,61,bachelor's,degree
271,272,male,group C,some college,standard,none,58,49,42,some,college
272,273,female,group D,associate's degree,free/reduced,none,47,53,58,associate's,degree
273,274,female,group D,some college,standard,none,65,70,71,some,college
274,275,male,group B,some college,standard,completed,88,85,76,some,college
275,276,male,group C,bachelor's degree,standard,none,83,78,73,bachelor's,degree
276,277,female,group C,some high school,standard,completed,85,92,93,some,high school
277,278,female,group E,high school,standard,completed,59,63,75,high,school
278,279,female,group C,some high school,free/reduced,none,65,86,80,some,high school
279,280,male,group B,bachelor's degree,free/reduced,none,73,56,57,bachelor's,degree
280,281,male,group D,high school,standard,none,53,52,42,high,school
281,282,male,group D,high school,standard,none,45,48,46,high,school
282,283,female,group D,bachelor's degree,free/reduced,none,73,79,84,bachelor's,degree
283,284,female,group D,some college,free/reduced,completed,70,78,78,some,college
284,285,female,group B,some high school,standard,none,37,46,46,some,high school
285,286,male,group B,associate's degree,standard,completed,81,82,82,associate's,degree
286,287,male,group E,associate's degree,standard,completed,97,82,88,associate's,degree
287,288,female,group B,some high school,standard,none,67,89,82,some,high school
288,289,male,group B,bachelor's degree,free/reduced,none,88,75,76,bachelor's,degree
289,290,male,group E,some high school,standard,completed,77,76,77,some,high school
290,291,male,group C,associate's degree,standard,none,76,70,68,associate's,degree
291,292,male,group D,some high school,standard,none,86,73,70,some,high school
292,293,male,group C,some high school,standard,completed,63,60,57,some,high school
293,294,female,group E,bachelor's degree,standard,none,65,73,75,bachelor's,degree
294,295,male,group D,high school,free/reduced,completed,78,77,80,high,school
295,296,male,group B,associate's degree,free/reduced,none,67,62,60,associate's,degree
296,297,male,group A,some high school,standard,completed,46,41,43,some,high school
297,298,male,group E,associate's degree,standard,completed,71,74,68,associate's,degree
298,299,male,group C,high school,free/reduced,completed,40,46,50,high,school
299,300,male,group D,associate's degree,free/reduced,none,90,87,75,associate's,degree
300,301,male,group A,some college,free/reduced,completed,81,78,81,some,college
301,302,male,group D,some high school,free/reduced,none,56,54,52,some,high school
302,303,female,group C,associate's degree,standard,completed,67,84,81,associate's,degree
303,304,male,group B,associate's degree,standard,none,80,76,64,associate's,degree
304,305,female,group C,associate's degree,standard,completed,74,75,83,associate's,degree
305,306,male,group A,some college,standard,none,69,67,69,some,college
306,307,male,group E,some college,standard,completed,99,87,81,some,college
307,308,male,group C,some high school,standard,none,51,52,44,some,high school
308,309,female,group B,associate's degree,free/reduced,none,53,71,67,associate's,degree
309,310,female,group D,high school,free/reduced,none,49,57,52,high,school
310,311,female,group B,associate's degree,standard,none,73,76,80,associate's,degree
311,312,male,group B,bachelor's degree,standard,none,66,60,57,bachelor's,degree
312,313,male,group D,bachelor's degree,standard,completed,67,61,68,bachelor's,degree
313,314,female,group C,associate's degree,free/reduced,completed,68,67,69,associate's,degree
314,315,female,group C,bachelor's degree,standard,completed,59,64,75,bachelor's,degree
315,316,male,group C,high school,standard,none,71,66,65,high,school
316,317,female,group D,master's degree,standard,completed,77,82,91,master's,degree
317,318,male,group C,associate's degree,standard,none,83,72,78,associate's,degree
318,319,male,group B,bachelor's degree,standard,none,63,71,69,bachelor's,degree
319,320,female,group D,associate's degree,free/reduced,none,56,65,63,associate's,degree
320,321,female,group C,high school,free/reduced,completed,67,79,84,high,school
321,322,female,group E,high school,standard,none,75,86,79,high,school
322,323,female,group C,some college,standard,none,71,81,80,some,college
323,324,female,group C,some high school,free/reduced,none,43,53,53,some,high school
324,325,female,group C,high school,free/reduced,none,41,46,43,high,school
325,326,female,group C,some college,standard,none,82,90,94,some,college
326,327,male,group C,some college,standard,none,61,61,62,some,college
327,328,male,group A,some college,free/reduced,none,28,23,19,some,college
328,329,male,group C,associate's degree,standard,completed,82,75,77,associate's,degree
329,330,female,group B,some high school,standard,none,41,55,51,some,high school
330,331,male,group C,high school,standard,none,71,60,61,high,school
331,332,male,group C,associate's degree,standard,none,47,37,35,associate's,degree
332,333,male,group E,associate's degree,standard,completed,62,56,53,associate's,degree
333,334,male,group B,associate's degree,standard,none,90,78,81,associate's,degree
334,335,female,group C,bachelor's degree,standard,none,83,93,95,bachelor's,degree
335,336,female,group B,some college,free/reduced,none,61,68,66,some,college
336,337,male,group D,some high school,standard,completed,76,70,69,some,high school
337,338,male,group C,associate's degree,standard,none,49,51,43,associate's,degree
338,339,female,group B,some high school,free/reduced,none,24,38,27,some,high school
339,340,female,group D,some high school,free/reduced,completed,35,55,60,some,high school
340,341,male,group C,high school,free/reduced,none,58,61,52,high,school
341,342,female,group C,high school,standard,none,61,73,63,high,school
342,343,female,group B,high school,standard,completed,69,76,74,high,school
343,344,male,group D,associate's degree,standard,completed,67,72,67,associate's,degree
344,345,male,group D,some college,standard,none,79,73,67,some,college
345,346,female,group C,high school,standard,none,72,80,75,high,school
346,347,male,group B,some college,standard,none,62,61,57,some,college
347,348,female,group C,bachelor's degree,standard,completed,77,94,95,bachelor's,degree
348,349,male,group D,high school,free/reduced,none,75,74,66,high,school
349,350,male,group E,associate's degree,standard,none,87,74,76,associate's,degree
350,351,female,group B,bachelor's degree,standard,none,52,65,69,bachelor's,degree
351,352,male,group E,some college,standard,none,66,57,52,some,college
352,353,female,group C,some college,standard,completed,63,78,80,some,college
353,354,female,group C,associate's degree,standard,none,46,58,57,associate's,degree
354,355,female,group C,some college,standard,none,59,71,70,some,college
355,356,female,group B,bachelor's degree,standard,none,61,72,70,bachelor's,degree
356,357,male,group A,associate's degree,standard,none,63,61,61,associate's,degree
357,358,female,group C,some college,free/reduced,completed,42,66,69,some,college
358,359,male,group D,some college,free/reduced,none,59,62,61,some,college
359,360,female,group D,some college,standard,none,80,90,89,some,college
360,361,female,group B,high school,standard,none,58,62,59,high,school
361,362,male,group B,some high school,standard,completed,85,84,78,some,high school
362,363,female,group C,some college,standard,none,52,58,58,some,college
363,364,female,group D,some high school,free/reduced,none,27,34,32,some,high school
364,365,male,group C,some college,standard,none,59,60,58,some,college
365,366,male,group A,bachelor's degree,free/reduced,completed,49,58,60,bachelor's,degree
366,367,male,group C,high school,standard,completed,69,58,53,high,school
367,368,male,group C,bachelor's degree,free/reduced,none,61,66,61,bachelor's,degree
368,369,female,group A,some high school,free/reduced,none,44,64,58,some,high school
369,370,female,group D,some high school,standard,none,73,84,85,some,high school
370,371,male,group E,some college,standard,none,84,77,71,some,college
371,372,female,group C,some college,free/reduced,completed,45,73,70,some,college
372,373,male,group D,some high school,standard,none,74,74,72,some,high school
373,374,female,group D,some college,standard,completed,82,97,96,some,college
374,375,female,group D,bachelor's degree,standard,none,59,70,73,bachelor's,degree
375,376,male,group E,associate's degree,free/reduced,none,46,43,41,associate's,degree
376,377,female,group D,some high school,standard,none,80,90,82,some,high school
377,378,female,group D,master's degree,free/reduced,completed,85,95,100,master's,degree
378,379,female,group A,some high school,standard,none,71,83,77,some,high school
379,380,male,group A,bachelor's degree,standard,none,66,64,62,bachelor's,degree
380,381,female,group B,associate's degree,standard,none,80,86,83,associate's,degree
381,382,male,group C,associate's degree,standard,completed,87,100,95,associate's,degree
382,383,male,group C,master's degree,free/reduced,none,79,81,71,master's,degree
383,384,female,group E,some high school,free/reduced,none,38,49,45,some,high school
384,385,female,group A,some high school,free/reduced,none,38,43,43,some,high school
385,386,female,group E,some college,standard,none,67,76,75,some,college
386,387,female,group E,bachelor's degree,standard,none,64,73,70,bachelor's,degree
387,388,female,group C,associate's degree,free/reduced,none,57,78,67,associate's,degree
388,389,female,group D,high school,standard,none,62,64,64,high,school
389,390,male,group D,master's degree,standard,none,73,70,75,master's,degree
390,391,male,group E,some high school,free/reduced,completed,73,67,59,some,high school
391,392,female,group D,some college,standard,none,77,68,77,some,college
392,393,male,group E,some college,standard,none,76,67,67,some,college
393,394,male,group C,associate's degree,standard,completed,57,54,56,associate's,degree
394,395,female,group C,some high school,standard,completed,65,74,77,some,high school
395,396,male,group A,high school,free/reduced,none,48,45,41,high,school
396,397,female,group B,high school,free/reduced,none,50,67,63,high,school
397,398,female,group C,associate's degree,standard,none,85,89,95,associate's,degree
398,399,male,group B,some high school,standard,none,74,63,57,some,high school
399,400,male,group D,some high school,standard,none,60,59,54,some,high school
400,401,female,group C,some high school,standard,completed,59,54,67,some,high school
401,402,male,group A,some college,standard,none,53,43,43,some,college
402,403,female,group A,some college,free/reduced,none,49,65,55,some,college
403,404,female,group D,high school,standard,completed,88,99,100,high,school
404,405,female,group C,high school,standard,none,54,59,62,high,school
405,406,female,group C,some high school,standard,none,63,73,68,some,high school
406,407,male,group B,associate's degree,standard,completed,65,65,63,associate's,degree
407,408,female,group B,associate's degree,standard,none,82,80,77,associate's,degree
408,409,female,group D,high school,free/reduced,completed,52,57,56,high,school
409,410,male,group D,associate's degree,standard,completed,87,84,85,associate's,degree
410,411,female,group D,master's degree,standard,completed,70,71,74,master's,degree
411,412,male,group E,some college,standard,completed,84,83,78,some,college
412,413,male,group D,associate's degree,standard,none,71,66,60,associate's,degree
413,414,male,group B,some high school,standard,completed,63,67,67,some,high school
414,415,female,group C,bachelor's degree,free/reduced,completed,51,72,79,bachelor's,degree
415,416,male,group E,high school,standard,none,84,73,69,high,school
416,417,male,group C,bachelor's degree,standard,completed,71,74,68,bachelor's,degree
417,418,male,group C,associate's degree,standard,none,74,73,67,associate's,degree
418,419,male,group D,some college,standard,none,68,59,62,some,college
419,420,male,group E,high school,free/reduced,completed,57,56,54,high,school
420,421,female,group C,associate's degree,free/reduced,completed,82,93,93,associate's,degree
421,422,female,group D,high school,standard,completed,57,58,64,high,school
422,423,female,group D,master's degree,free/reduced,completed,47,58,67,master's,degree
423,424,female,group A,some high school,standard,completed,59,85,80,some,high school
424,425,male,group B,some college,free/reduced,none,41,39,34,some,college
425,426,female,group C,some college,free/reduced,none,62,67,62,some,college
426,427,male,group C,bachelor's degree,standard,none,86,83,86,bachelor's,degree
427,428,male,group C,some high school,free/reduced,none,69,71,65,some,high school
428,429,male,group A,some high school,free/reduced,none,65,59,53,some,high school
429,430,male,group C,some high school,free/reduced,none,68,63,54,some,high school
430,431,male,group C,associate's degree,free/reduced,none,64,66,59,associate's,degree
431,432,female,group C,high school,standard,none,61,72,70,high,school
432,433,male,group C,high school,standard,none,61,56,55,high,school
433,434,female,group A,some high school,free/reduced,none,47,59,50,some,high school
434,435,male,group C,some high school,standard,none,73,66,66,some,high school
435,436,male,group C,some college,free/reduced,completed,50,48,53,some,college
436,437,male,group D,associate's degree,standard,none,75,68,64,associate's,degree
437,438,male,group D,associate's degree,free/reduced,none,75,66,73,associate's,degree
438,439,male,group C,high school,standard,none,70,56,51,high,school
439,440,male,group D,some high school,standard,completed,89,88,82,some,high school
440,441,female,group C,some college,standard,completed,67,81,79,some,college
441,442,female,group D,high school,standard,none,78,81,80,high,school
442,443,female,group A,some high school,free/reduced,none,59,73,69,some,high school
443,444,female,group B,associate's degree,standard,none,73,83,76,associate's,degree
444,445,male,group A,some high school,free/reduced,none,79,82,73,some,high school
445,446,female,group C,some high school,standard,completed,67,74,77,some,high school
446,447,male,group D,some college,free/reduced,none,69,66,60,some,college
447,448,male,group C,high school,standard,completed,86,81,80,high,school
448,449,male,group B,high school,standard,none,47,46,42,high,school
449,450,male,group B,associate's degree,standard,none,81,73,72,associate's,degree
450,451,female,group C,some college,free/reduced,completed,64,85,85,some,college
451,452,female,group E,some college,standard,none,100,92,97,some,college
452,453,female,group C,associate's degree,free/reduced,none,65,77,74,associate's,degree
453,454,male,group C,some college,free/reduced,none,65,58,49,some,college
454,455,female,group C,associate's degree,free/reduced,none,53,61,62,associate's,degree
455,456,male,group C,bachelor's degree,free/reduced,none,37,56,47,bachelor's,degree
456,457,female,group D,bachelor's degree,standard,none,79,89,89,bachelor's,degree
457,458,male,group D,associate's degree,free/reduced,none,53,54,48,associate's,degree
458,459,female,group E,bachelor's degree,standard,none,100,100,100,bachelor's,degree
459,460,male,group B,high school,standard,completed,72,65,68,high,school
460,461,male,group C,bachelor's degree,free/reduced,none,53,58,55,bachelor's,degree
461,462,male,group B,some college,free/reduced,none,54,54,45,some,college
462,463,female,group E,some college,standard,none,71,70,76,some,college
463,464,female,group C,some college,free/reduced,none,77,90,91,some,college
464,465,male,group A,bachelor's degree,standard,completed,75,58,62,bachelor's,degree
465,466,female,group C,some college,standard,none,84,87,91,some,college
466,467,female,group D,associate's degree,free/reduced,none,26,31,38,associate's,degree
467,468,male,group A,high school,free/reduced,completed,72,67,65,high,school
468,469,female,group A,high school,free/reduced,completed,77,88,85,high,school
469,470,male,group C,some college,standard,none,91,74,76,some,college
470,471,female,group C,associate's degree,standard,completed,83,85,90,associate's,degree
471,472,female,group C,high school,standard,none,63,69,74,high,school
472,473,female,group C,associate's degree,standard,completed,68,86,84,associate's,degree
473,474,female,group D,some high school,standard,none,59,67,61,some,high school
474,475,female,group B,associate's degree,standard,completed,90,90,91,associate's,degree
475,476,female,group D,bachelor's degree,standard,completed,71,76,83,bachelor's,degree
476,477,male,group E,bachelor's degree,standard,completed,76,62,66,bachelor's,degree
477,478,male,group D,associate's degree,standard,none,80,68,72,associate's,degree
478,479,female,group D,master's degree,standard,none,55,64,70,master's,degree
479,480,male,group E,associate's degree,standard,none,76,71,67,associate's,degree
480,481,male,group B,high school,standard,completed,73,71,68,high,school
481,482,female,group D,associate's degree,free/reduced,none,52,59,56,associate's,degree
482,483,male,group C,some college,free/reduced,none,68,68,61,some,college
483,484,male,group A,high school,standard,none,59,52,46,high,school
484,485,female,group B,associate's degree,standard,none,49,52,54,associate's,degree
485,486,male,group C,high school,standard,none,70,74,71,high,school
486,487,male,group D,some college,free/reduced,none,61,47,56,some,college
487,488,female,group C,associate's degree,free/reduced,none,60,75,74,associate's,degree
488,489,male,group B,some high school,standard,completed,64,53,57,some,high school
489,490,male,group A,associate's degree,free/reduced,completed,79,82,82,associate's,degree
490,491,female,group A,associate's degree,free/reduced,none,65,85,76,associate's,degree
491,492,female,group C,associate's degree,standard,none,64,64,70,associate's,degree
492,493,female,group C,some college,standard,none,83,83,90,some,college
493,494,female,group C,bachelor's degree,standard,none,81,88,90,bachelor's,degree
494,495,female,group B,high school,standard,none,54,64,68,high,school
495,496,male,group D,high school,standard,completed,68,64,66,high,school
496,497,female,group C,some college,standard,none,54,48,52,some,college
497,498,female,group D,some college,free/reduced,completed,59,78,76,some,college
498,499,female,group B,some high school,standard,none,66,69,68,some,high school
499,500,male,group E,some college,standard,none,76,71,72,some,college
500,501,female,group D,master's degree,standard,none,74,79,82,master's,degree
501,502,female,group B,associate's degree,standard,completed,94,87,92,associate's,degree
502,503,male,group C,some college,free/reduced,none,63,61,54,some,college
503,504,female,group E,associate's degree,standard,completed,95,89,92,associate's,degree
504,505,female,group D,master's degree,free/reduced,none,40,59,54,master's,degree
505,506,female,group B,some high school,standard,none,82,82,80,some,high school
506,507,male,group A,high school,standard,none,68,70,66,high,school
507,508,male,group B,bachelor's degree,free/reduced,none,55,59,54,bachelor's,degree
508,509,male,group C,master's degree,standard,none,79,78,77,master's,degree
509,510,female,group C,bachelor's degree,standard,none,86,92,87,bachelor's,degree
510,511,male,group D,some college,standard,none,76,71,73,some,college
511,512,male,group A,some high school,standard,none,64,50,43,some,high school
512,513,male,group D,some high school,free/reduced,none,62,49,52,some,high school
513,514,female,group B,some high school,standard,completed,54,61,62,some,high school
514,515,female,group B,master's degree,free/reduced,completed,77,97,94,master's,degree
515,516,female,group C,some high school,standard,completed,76,87,85,some,high school
516,517,female,group D,some college,standard,none,74,89,84,some,college
517,518,female,group E,some college,standard,completed,66,74,73,some,college
518,519,female,group D,some high school,standard,completed,66,78,78,some,high school
519,520,female,group B,high school,free/reduced,completed,67,78,79,high,school
520,521,male,group D,some college,standard,none,71,49,52,some,college
521,522,female,group C,associate's degree,standard,none,91,86,84,associate's,degree
522,523,male,group D,bachelor's degree,standard,none,69,58,57,bachelor's,degree
523,524,male,group C,master's degree,free/reduced,none,54,59,50,master's,degree
524,525,male,group C,high school,standard,completed,53,52,49,high,school
525,526,male,group E,some college,standard,none,68,60,59,some,college
526,527,male,group C,some high school,free/reduced,completed,56,61,60,some,high school
527,528,female,group C,high school,free/reduced,none,36,53,43,high,school
528,529,female,group D,bachelor's degree,free/reduced,none,29,41,47,bachelor's,degree
529,530,female,group C,associate's degree,standard,none,62,74,70,associate's,degree
530,531,female,group C,associate's degree,standard,completed,68,67,73,associate's,degree
531,532,female,group C,some high school,standard,none,47,54,53,some,high school
532,533,male,group E,associate's degree,standard,completed,62,61,58,associate's,degree
533,534,female,group E,associate's degree,standard,completed,79,88,94,associate's,degree
534,535,male,group B,high school,standard,completed,73,69,68,high,school
535,536,female,group C,bachelor's degree,free/reduced,completed,66,83,83,bachelor's,degree
536,537,male,group C,associate's degree,standard,completed,51,60,58,associate's,degree
537,538,female,group D,high school,standard,none,51,66,62,high,school
538,539,male,group E,bachelor's degree,standard,completed,85,66,71,bachelor's,degree
539,540,male,group A,associate's degree,standard,completed,97,92,86,associate's,degree
540,541,male,group C,high school,standard,completed,75,69,68,high,school
541,542,male,group D,associate's degree,free/reduced,completed,79,82,80,associate's,degree
542,543,female,group C,associate's degree,standard,none,81,77,79,associate's,degree
543,544,female,group D,associate's degree,standard,none,82,95,89,associate's,degree
544,545,female,group D,master's degree,standard,none,64,63,66,master's,degree
545,546,male,group E,some high school,free/reduced,completed,78,83,80,some,high school
546,547,female,group A,some high school,standard,completed,92,100,97,some,high school
547,548,male,group C,high school,standard,completed,72,67,64,high,school
548,549,female,group C,high school,free/reduced,none,62,67,64,high,school
549,550,male,group C,master's degree,standard,none,79,72,69,master's,degree
550,551,male,group C,some high school,free/reduced,none,79,76,65,some,high school
551,552,male,group B,bachelor's degree,free/reduced,completed,87,90,88,bachelor's,degree
552,553,female,group B,associate's degree,standard,none,40,48,50,associate's,degree
553,554,male,group D,some college,free/reduced,none,77,62,64,some,college
554,555,male,group E,associate's degree,standard,none,53,45,40,associate's,degree
555,556,female,group C,some college,free/reduced,none,32,39,33,some,college
556,557,female,group C,associate's degree,standard,completed,55,72,79,associate's,degree
557,558,male,group C,master's degree,free/reduced,none,61,67,66,master's,degree
558,559,female,group B,associate's degree,free/reduced,none,53,70,70,associate's,degree
559,560,male,group D,some high school,standard,none,73,66,62,some,high school
560,561,female,group D,some college,standard,completed,74,75,79,some,college
561,562,female,group C,some college,standard,none,63,74,74,some,college
562,563,male,group C,bachelor's degree,standard,completed,96,90,92,bachelor's,degree
563,564,female,group D,some college,free/reduced,completed,63,80,80,some,college
564,565,male,group B,bachelor's degree,free/reduced,none,48,51,46,bachelor's,degree
565,566,male,group B,associate's degree,standard,none,48,43,45,associate's,degree
566,567,female,group E,bachelor's degree,free/reduced,completed,92,100,100,bachelor's,degree
567,568,female,group D,master's degree,free/reduced,completed,61,71,78,master's,degree
568,569,male,group B,high school,free/reduced,none,63,48,47,high,school
569,570,male,group D,bachelor's degree,free/reduced,none,68,68,67,bachelor's,degree
570,571,male,group B,some college,standard,completed,71,75,70,some,college
571,572,male,group A,bachelor's degree,standard,none,91,96,92,bachelor's,degree
572,573,female,group C,some college,standard,none,53,62,56,some,college
573,574,female,group C,high school,free/reduced,completed,50,66,64,high,school
574,575,female,group E,high school,standard,none,74,81,71,high,school
575,576,male,group A,associate's degree,free/reduced,completed,40,55,53,associate's,degree
576,577,male,group A,some college,standard,completed,61,51,52,some,college
577,578,female,group B,high school,standard,none,81,91,89,high,school
578,579,female,group B,some college,free/reduced,completed,48,56,58,some,college
579,580,female,group D,master's degree,standard,none,53,61,68,master's,degree
580,581,female,group D,some high school,standard,none,81,97,96,some,high school
581,582,female,group E,some high school,standard,none,77,79,80,some,high school
582,583,female,group D,bachelor's degree,free/reduced,none,63,73,78,bachelor's,degree
583,584,female,group D,associate's degree,standard,completed,73,75,80,associate's,degree
584,585,female,group D,some college,standard,none,69,77,77,some,college
585,586,female,group C,associate's degree,standard,none,65,76,76,associate's,degree
586,587,female,group A,high school,standard,none,55,73,73,high,school
587,588,female,group C,bachelor's degree,free/reduced,none,44,63,62,bachelor's,degree
588,589,female,group C,some college,standard,none,54,64,65,some,college
589,590,female,group A,some high school,standard,none,48,66,65,some,high school
590,591,male,group C,some college,free/reduced,none,58,57,54,some,college
591,592,male,group A,some high school,standard,none,71,62,50,some,high school
592,593,male,group E,bachelor's degree,standard,none,68,68,64,bachelor's,degree
593,594,female,group E,high school,standard,none,74,76,73,high,school
594,595,female,group C,bachelor's degree,standard,completed,92,100,99,bachelor's,degree
595,596,female,group C,bachelor's degree,standard,completed,56,79,72,bachelor's,degree
596,597,male,group B,high school,free/reduced,none,30,24,15,high,school
597,598,male,group A,some high school,standard,none,53,54,48,some,high school
598,599,female,group D,high school,standard,none,69,77,73,high,school
599,600,female,group D,some high school,standard,none,65,82,81,some,high school
600,601,female,group D,master's degree,standard,none,54,60,63,master's,degree
601,602,female,group C,high school,standard,none,29,29,30,high,school
602,603,female,group E,some college,standard,none,76,78,80,some,college
603,604,male,group D,high school,free/reduced,none,60,57,51,high,school
604,605,male,group D,master's degree,free/reduced,completed,84,89,90,master's,degree
605,606,male,group C,some high school,standard,none,75,72,62,some,high school
606,607,female,group C,associate's degree,standard,none,85,84,82,associate's,degree
607,608,female,group C,master's degree,free/reduced,none,40,58,54,master's,degree
608,609,female,group E,some college,standard,none,61,64,62,some,college
609,610,female,group B,associate's degree,standard,none,58,63,65,associate's,degree
610,611,male,group D,some college,free/reduced,completed,69,60,63,some,college
611,612,female,group C,some college,standard,none,58,59,66,some,college
612,613,male,group C,bachelor's degree,standard,completed,94,90,91,bachelor's,degree
613,614,female,group C,associate's degree,standard,none,65,77,74,associate's,degree
614,615,female,group A,associate's degree,standard,none,82,93,93,associate's,degree
615,616,female,group C,high school,standard,none,60,68,72,high,school
616,617,female,group E,bachelor's degree,standard,none,37,45,38,bachelor's,degree
617,618,male,group D,bachelor's degree,standard,none,88,78,83,bachelor's,degree
618,619,male,group D,master's degree,standard,none,95,81,84,master's,degree
619,620,male,group C,associate's degree,free/reduced,completed,65,73,68,associate's,degree
620,621,female,group C,high school,free/reduced,none,35,61,54,high,school
621,622,male,group B,bachelor's degree,free/reduced,none,62,63,56,bachelor's,degree
622,623,male,group C,high school,free/reduced,completed,58,51,52,high,school
623,624,male,group A,some college,standard,completed,100,96,86,some,college
624,625,female,group E,bachelor's degree,free/reduced,none,61,58,62,bachelor's,degree
625,626,male,group D,some college,standard,completed,100,97,99,some,college
626,627,male,group B,associate's degree,free/reduced,completed,69,70,63,associate's,degree
627,628,male,group D,associate's degree,standard,none,61,48,46,associate's,degree
628,629,male,group D,some college,free/reduced,none,49,57,46,some,college
629,630,female,group C,some high school,standard,completed,44,51,55,some,high school
630,631,male,group D,some college,standard,none,67,64,70,some,college
631,632,male,group B,high school,standard,none,79,60,65,high,school
632,633,female,group B,bachelor's degree,standard,completed,66,74,81,bachelor's,degree
633,634,female,group C,high school,standard,none,75,88,85,high,school
634,635,male,group D,some high school,standard,none,84,84,80,some,high school
635,636,male,group A,high school,standard,none,71,74,64,high,school
636,637,female,group B,high school,free/reduced,completed,67,80,81,high,school
637,638,female,group D,some high school,standard,completed,80,92,88,some,high school
638,639,male,group E,some college,standard,none,86,76,74,some,college
639,640,female,group D,associate's degree,standard,none,76,74,73,associate's,degree
640,641,male,group D,high school,standard,none,41,52,51,high,school
641,642,female,group D,associate's degree,free/reduced,completed,74,88,90,associate's,degree
642,643,female,group B,some high school,free/reduced,none,72,81,79,some,high school
643,644,female,group E,high school,standard,completed,74,79,80,high,school
644,645,male,group B,high school,standard,none,70,65,60,high,school
645,646,female,group B,bachelor's degree,standard,completed,65,81,81,bachelor's,degree
646,647,female,group D,associate's degree,standard,none,59,70,65,associate's,degree
647,648,female,group E,high school,free/reduced,none,64,62,68,high,school
648,649,female,group B,high school,standard,none,50,53,55,high,school
649,650,female,group D,some college,standard,completed,69,79,81,some,college
650,651,male,group C,some high school,free/reduced,completed,51,56,53,some,high school
651,652,female,group A,high school,standard,completed,68,80,76,high,school
652,653,female,group D,some college,standard,completed,85,86,98,some,college
653,654,female,group A,associate's degree,standard,completed,65,70,74,associate's,degree
654,655,female,group B,some high school,standard,none,73,79,79,some,high school
655,656,female,group B,some college,standard,none,62,67,67,some,college
656,657,male,group C,associate's degree,free/reduced,none,77,67,64,associate's,degree
657,658,male,group D,some high school,standard,none,69,66,61,some,high school
658,659,female,group D,associate's degree,free/reduced,none,43,60,58,associate's,degree
659,660,male,group D,associate's degree,standard,none,90,87,85,associate's,degree
660,661,male,group C,some college,free/reduced,none,74,77,73,some,college
661,662,male,group C,some high school,standard,none,73,66,63,some,high school
662,663,female,group D,some college,free/reduced,none,55,71,69,some,college
663,664,female,group C,high school,standard,none,65,69,67,high,school
664,665,male,group D,associate's degree,standard,none,80,63,63,associate's,degree
665,666,female,group C,some high school,free/reduced,completed,50,60,60,some,high school
666,667,female,group C,some college,free/reduced,completed,63,73,71,some,college
667,668,female,group B,bachelor's degree,free/reduced,none,77,85,87,bachelor's,degree
668,669,male,group C,some college,standard,none,73,74,61,some,college
669,670,male,group D,associate's degree,standard,completed,81,72,77,associate's,degree
670,671,female,group C,high school,free/reduced,none,66,76,68,high,school
671,672,male,group D,associate's degree,free/reduced,none,52,57,50,associate's,degree
672,673,female,group C,some college,standard,none,69,78,76,some,college
673,674,female,group C,associate's degree,standard,completed,65,84,84,associate's,degree
674,675,female,group D,high school,standard,completed,69,77,78,high,school
675,676,female,group B,some college,standard,completed,50,64,66,some,college
676,677,female,group E,some college,standard,completed,73,78,76,some,college
677,678,female,group C,some high school,standard,completed,70,82,76,some,high school
678,679,male,group D,associate's degree,free/reduced,none,81,75,78,associate's,degree
679,680,male,group D,some college,free/reduced,none,63,61,60,some,college
680,681,female,group D,high school,standard,none,67,72,74,high,school
681,682,male,group B,high school,standard,none,60,68,60,high,school
682,683,male,group B,high school,standard,none,62,55,54,high,school
683,684,female,group C,some high school,free/reduced,completed,29,40,44,some,high school
684,685,male,group B,some college,standard,completed,62,66,68,some,college
685,686,female,group E,master's degree,standard,completed,94,99,100,master's,degree
686,687,male,group E,some college,standard,completed,85,75,68,some,college
687,688,male,group D,associate's degree,free/reduced,none,77,78,73,associate's,degree
688,689,male,group A,high school,free/reduced,none,53,58,44,high,school
689,690,male,group E,some college,free/reduced,none,93,90,83,some,college
690,691,female,group C,associate's degree,standard,none,49,53,53,associate's,degree
691,692,female,group E,associate's degree,free/reduced,none,73,76,78,associate's,degree
692,693,female,group C,bachelor's degree,free/reduced,completed,66,74,81,bachelor's,degree
693,694,female,group D,associate's degree,standard,none,77,77,73,associate's,degree
694,695,female,group C,some high school,standard,none,49,63,56,some,high school
695,696,female,group D,some college,free/reduced,none,79,89,86,some,college
696,697,female,group C,associate's degree,standard,completed,75,82,90,associate's,degree
697,698,female,group A,bachelor's degree,standard,none,59,72,70,bachelor's,degree
698,699,female,group D,associate's degree,standard,completed,57,78,79,associate's,degree
699,700,male,group C,high school,free/reduced,none,66,66,59,high,school
700,701,female,group E,bachelor's degree,standard,completed,79,81,82,bachelor's,degree
701,702,female,group B,some high school,standard,none,57,67,72,some,high school
702,703,male,group A,bachelor's degree,standard,completed,87,84,87,bachelor's,degree
703,704,female,group D,some college,standard,none,63,64,67,some,college
704,705,female,group B,some high school,free/reduced,completed,59,63,64,some,high school
705,706,male,group A,bachelor's degree,free/reduced,none,62,72,65,bachelor's,degree
706,707,male,group D,high school,standard,none,46,34,36,high,school
707,708,male,group C,some college,standard,none,66,59,52,some,college
708,709,male,group D,high school,standard,none,89,87,79,high,school
709,710,female,group D,associate's degree,free/reduced,completed,42,61,58,associate's,degree
710,711,male,group C,some college,standard,completed,93,84,90,some,college
711,712,female,group E,some high school,standard,completed,80,85,85,some,high school
712,713,female,group D,some college,standard,none,98,100,99,some,college
713,714,male,group D,master's degree,standard,none,81,81,84,master's,degree
714,715,female,group B,some high school,standard,completed,60,70,74,some,high school
715,716,female,group B,associate's degree,free/reduced,completed,76,94,87,associate's,degree
716,717,male,group C,associate's degree,standard,completed,73,78,72,associate's,degree
717,718,female,group C,associate's degree,standard,completed,96,96,99,associate's,degree
718,719,female,group C,high school,standard,none,76,76,74,high,school
719,720,male,group E,associate's degree,free/reduced,completed,91,73,80,associate's,degree
720,721,female,group C,some college,free/reduced,none,62,72,70,some,college
721,722,male,group D,some high school,free/reduced,completed,55,59,59,some,high school
722,723,female,group B,some high school,free/reduced,completed,74,90,88,some,high school
723,724,male,group C,high school,standard,none,50,48,42,high,school
724,725,male,group B,some college,standard,none,47,43,41,some,college
725,726,male,group E,some college,standard,completed,81,74,71,some,college
726,727,female,group E,associate's degree,standard,completed,65,75,77,associate's,degree
727,728,male,group E,some high school,standard,completed,68,51,57,some,high school
728,729,female,group D,high school,free/reduced,none,73,92,84,high,school
729,730,male,group C,some college,standard,none,53,39,37,some,college
730,731,female,group B,associate's degree,free/reduced,completed,68,77,80,associate's,degree
731,732,male,group A,some high school,free/reduced,none,55,46,43,some,high school
732,733,female,group C,some college,standard,completed,87,89,94,some,college
733,734,male,group D,some high school,standard,none,55,47,44,some,high school
734,735,female,group E,some college,free/reduced,none,53,58,57,some,college
735,736,male,group C,master's degree,standard,none,67,57,59,master's,degree
736,737,male,group C,associate's degree,standard,none,92,79,84,associate's,degree
737,738,female,group B,some college,free/reduced,completed,53,66,73,some,college
738,739,male,group D,associate's degree,standard,none,81,71,73,associate's,degree
739,740,male,group C,high school,free/reduced,none,61,60,55,high,school
740,741,male,group D,bachelor's degree,standard,none,80,73,72,bachelor's,degree
741,742,female,group A,associate's degree,free/reduced,none,37,57,56,associate's,degree
742,743,female,group C,high school,standard,none,81,84,82,high,school
743,744,female,group C,associate's degree,standard,completed,59,73,72,associate's,degree
744,745,male,group B,some college,free/reduced,none,55,55,47,some,college
745,746,male,group D,associate's degree,standard,none,72,79,74,associate's,degree
746,747,male,group D,high school,standard,none,69,75,71,high,school
747,748,male,group C,some college,standard,none,69,64,68,some,college
748,749,female,group C,bachelor's degree,free/reduced,none,50,60,59,bachelor's,degree
749,750,male,group B,some college,standard,completed,87,84,86,some,college
750,751,male,group D,some high school,standard,completed,71,69,68,some,high school
751,752,male,group E,some college,standard,none,68,72,65,some,college
752,753,male,group C,master's degree,free/reduced,completed,79,77,75,master's,degree
753,754,female,group C,some high school,standard,completed,77,90,85,some,high school
754,755,male,group C,associate's degree,free/reduced,none,58,55,53,associate's,degree
755,756,female,group E,associate's degree,standard,none,84,95,92,associate's,degree
756,757,male,group D,some college,standard,none,55,58,52,some,college
757,758,male,group E,bachelor's degree,free/reduced,completed,70,68,72,bachelor's,degree
758,759,female,group D,some college,free/reduced,completed,52,59,65,some,college
759,760,male,group B,some college,standard,completed,69,77,77,some,college
760,761,female,group C,high school,free/reduced,none,53,72,64,high,school
761,762,female,group D,some high school,standard,none,48,58,54,some,high school
762,763,male,group D,some high school,standard,completed,78,81,86,some,high school
763,764,female,group B,high school,standard,none,62,62,63,high,school
764,765,male,group D,some college,standard,none,60,63,59,some,college
765,766,female,group B,high school,standard,none,74,72,72,high,school
766,767,female,group C,high school,standard,completed,58,75,77,high,school
767,768,male,group B,high school,standard,completed,76,62,60,high,school
768,769,female,group D,some high school,standard,none,68,71,75,some,high school
769,770,male,group A,some college,free/reduced,none,58,60,57,some,college
770,771,male,group B,high school,standard,none,52,48,49,high,school
771,772,male,group D,bachelor's degree,standard,none,75,73,74,bachelor's,degree
772,773,female,group B,some high school,free/reduced,completed,52,67,72,some,high school
773,774,female,group C,bachelor's degree,free/reduced,none,62,78,79,bachelor's,degree
774,775,male,group B,some college,standard,none,66,65,60,some,college
775,776,female,group B,some high school,free/reduced,none,49,58,55,some,high school
776,777,female,group B,high school,standard,none,66,72,70,high,school
777,778,female,group C,some college,free/reduced,none,35,44,43,some,college
778,779,female,group A,some college,standard,completed,72,79,82,some,college
779,780,male,group E,associate's degree,standard,completed,94,85,82,associate's,degree
780,781,female,group D,associate's degree,free/reduced,none,46,56,57,associate's,degree
781,782,female,group B,master's degree,standard,none,77,90,84,master's,degree
782,783,female,group B,high school,free/reduced,completed,76,85,82,high,school
783,784,female,group C,associate's degree,standard,completed,52,59,62,associate's,degree
784,785,male,group C,bachelor's degree,standard,completed,91,81,79,bachelor's,degree
785,786,female,group B,some high school,standard,completed,32,51,44,some,high school
786,787,female,group E,some high school,free/reduced,none,72,79,77,some,high school
787,788,female,group B,some college,standard,none,19,38,32,some,college
788,789,male,group C,associate's degree,free/reduced,none,68,65,61,associate's,degree
789,790,female,group C,master's degree,free/reduced,none,52,65,61,master's,degree
790,791,female,group B,high school,standard,none,48,62,60,high,school
791,792,female,group D,some college,free/reduced,none,60,66,70,some,college
792,793,male,group D,high school,free/reduced,none,66,74,69,high,school
793,794,male,group E,some high school,standard,completed,89,84,77,some,high school
794,795,female,group B,high school,standard,none,42,52,51,high,school
795,796,female,group E,associate's degree,free/reduced,completed,57,68,73,associate's,degree
796,797,male,group D,high school,standard,none,70,70,70,high,school
797,798,female,group E,associate's degree,free/reduced,none,70,84,81,associate's,degree
798,799,male,group E,some college,standard,none,69,60,54,some,college
799,800,female,group C,associate's degree,standard,none,52,55,57,associate's,degree
800,801,male,group C,some high school,standard,completed,67,73,68,some,high school
801,802,male,group C,some high school,standard,completed,76,80,73,some,high school
802,803,female,group E,associate's degree,standard,none,87,94,95,associate's,degree
803,804,female,group B,some college,standard,none,82,85,87,some,college
804,805,female,group C,some college,standard,none,73,76,78,some,college
805,806,male,group A,some college,free/reduced,none,75,81,74,some,college
806,807,female,group D,some college,free/reduced,none,64,74,75,some,college
807,808,female,group E,high school,free/reduced,none,41,45,40,high,school
808,809,male,group C,high school,standard,none,90,75,69,high,school
809,810,male,group B,bachelor's degree,standard,none,59,54,51,bachelor's,degree
810,811,male,group A,some high school,standard,none,51,31,36,some,high school
811,812,male,group A,high school,free/reduced,none,45,47,49,high,school
812,813,female,group C,master's degree,standard,completed,54,64,67,master's,degree
813,814,male,group E,some high school,standard,completed,87,84,76,some,high school
814,815,female,group C,high school,standard,none,72,80,83,high,school
815,816,male,group B,some high school,standard,completed,94,86,87,some,high school
816,817,female,group A,bachelor's degree,standard,none,45,59,64,bachelor's,degree
817,818,male,group D,bachelor's degree,free/reduced,completed,61,70,76,bachelor's,degree
818,819,female,group B,high school,free/reduced,none,60,72,68,high,school
819,820,female,group C,some high school,standard,none,77,91,88,some,high school
820,821,female,group A,some high school,standard,completed,85,90,92,some,high school
821,822,female,group D,bachelor's degree,free/reduced,none,78,90,93,bachelor's,degree
822,823,male,group E,some college,free/reduced,completed,49,52,51,some,college
823,824,female,group B,high school,free/reduced,none,71,87,82,high,school
824,825,female,group C,some high school,free/reduced,none,48,58,52,some,high school
825,826,male,group C,high school,standard,none,62,67,58,high,school
826,827,female,group C,associate's degree,free/reduced,completed,56,68,70,associate's,degree
827,828,female,group C,some high school,standard,none,65,69,76,some,high school
828,829,female,group D,some high school,free/reduced,completed,69,86,81,some,high school
829,830,male,group B,some high school,standard,none,68,54,53,some,high school
830,831,female,group A,some college,free/reduced,none,61,60,57,some,college
831,832,female,group C,bachelor's degree,free/reduced,completed,74,86,89,bachelor's,degree
832,833,male,group A,bachelor's degree,standard,none,64,60,58,bachelor's,degree
833,834,female,group B,high school,standard,completed,77,82,89,high,school
834,835,male,group B,some college,standard,none,58,50,45,some,college
835,836,female,group C,high school,standard,completed,60,64,74,high,school
836,837,male,group E,high school,standard,none,73,64,57,high,school
837,838,female,group A,high school,standard,completed,75,82,79,high,school
838,839,male,group B,associate's degree,free/reduced,completed,58,57,53,associate's,degree
839,840,female,group C,associate's degree,standard,none,66,77,73,associate's,degree
840,841,female,group D,high school,free/reduced,none,39,52,46,high,school
841,842,male,group C,some high school,standard,none,64,58,51,some,high school
842,843,female,group B,high school,free/reduced,completed,23,44,36,high,school
843,844,male,group B,some college,free/reduced,completed,74,77,76,some,college
844,845,female,group D,some high school,free/reduced,completed,40,65,64,some,high school
845,846,male,group E,master's degree,standard,none,90,85,84,master's,degree
846,847,male,group C,master's degree,standard,completed,91,85,85,master's,degree
847,848,male,group D,high school,standard,none,64,54,50,high,school
848,849,female,group C,high school,standard,none,59,72,68,high,school
849,850,male,group D,associate's degree,standard,none,80,75,69,associate's,degree
850,851,male,group C,master's degree,standard,none,71,67,67,master's,degree
851,852,female,group A,high school,standard,none,61,68,63,high,school
852,853,female,group E,some college,standard,none,87,85,93,some,college
853,854,male,group E,some high school,standard,none,82,67,61,some,high school
854,855,male,group C,some high school,standard,none,62,64,55,some,high school
855,856,female,group B,bachelor's degree,standard,none,97,97,96,bachelor's,degree
856,857,male,group B,some college,free/reduced,none,75,68,65,some,college
857,858,female,group C,bachelor's degree,standard,none,65,79,81,bachelor's,degree
858,859,male,group B,high school,standard,completed,52,49,46,high,school
859,860,male,group C,associate's degree,free/reduced,none,87,73,72,associate's,degree
860,861,female,group C,associate's degree,standard,none,53,62,53,associate's,degree
861,862,female,group E,master's degree,free/reduced,none,81,86,87,master's,degree
862,863,male,group D,bachelor's degree,free/reduced,completed,39,42,38,bachelor's,degree
863,864,female,group C,some college,standard,completed,71,71,80,some,college
864,865,male,group C,associate's degree,standard,none,97,93,91,associate's,degree
865,866,male,group D,some college,standard,completed,82,82,88,some,college
866,867,male,group C,high school,free/reduced,none,59,53,52,high,school
867,868,male,group B,associate's degree,standard,none,61,42,41,associate's,degree
868,869,male,group E,associate's degree,free/reduced,completed,78,74,72,associate's,degree
869,870,male,group C,associate's degree,free/reduced,none,49,51,51,associate's,degree
870,871,male,group B,high school,standard,none,59,58,47,high,school
871,872,female,group C,some college,standard,completed,70,72,76,some,college
872,873,male,group B,associate's degree,standard,completed,82,84,78,associate's,degree
873,874,male,group E,associate's degree,free/reduced,none,90,90,82,associate's,degree
874,875,female,group C,bachelor's degree,free/reduced,none,43,62,61,bachelor's,degree
875,876,male,group C,some college,free/reduced,none,80,64,66,some,college
876,877,male,group D,some college,standard,none,81,82,84,some,college
877,878,male,group C,some high school,standard,none,57,61,54,some,high school
878,879,female,group D,some high school,standard,none,59,72,80,some,high school
879,880,female,group D,associate's degree,standard,none,64,76,74,associate's,degree
880,881,male,group C,bachelor's degree,standard,completed,63,64,66,bachelor's,degree
881,882,female,group E,bachelor's degree,standard,completed,71,70,70,bachelor's,degree
882,883,female,group B,high school,free/reduced,none,64,73,71,high,school
883,884,male,group D,bachelor's degree,free/reduced,none,55,46,44,bachelor's,degree
884,885,female,group E,associate's degree,standard,none,51,51,54,associate's,degree
885,886,female,group C,associate's degree,standard,completed,62,76,80,associate's,degree
886,887,female,group E,associate's degree,standard,completed,93,100,95,associate's,degree
887,888,male,group C,high school,free/reduced,none,54,72,59,high,school
888,889,female,group D,some college,free/reduced,none,69,65,74,some,college
889,890,male,group D,high school,free/reduced,none,44,51,48,high,school
890,891,female,group E,some college,standard,completed,86,85,91,some,college
891,892,female,group E,associate's degree,standard,none,85,92,85,associate's,degree
892,893,female,group A,master's degree,free/reduced,none,50,67,73,master's,degree
893,894,male,group D,some high school,standard,completed,88,74,75,some,high school
894,895,female,group E,associate's degree,standard,none,59,62,69,associate's,degree
895,896,female,group E,some high school,free/reduced,none,32,34,38,some,high school
896,897,male,group B,high school,free/reduced,none,36,29,27,high,school
897,898,female,group B,some high school,free/reduced,completed,63,78,79,some,high school
898,899,male,group D,associate's degree,standard,completed,67,54,63,associate's,degree
899,900,female,group D,some high school,standard,completed,65,78,82,some,high school
900,901,male,group D,master's degree,standard,none,85,84,89,master's,degree
901,902,female,group C,master's degree,standard,none,73,78,74,master's,degree
902,903,female,group A,high school,free/reduced,completed,34,48,41,high,school
903,904,female,group D,bachelor's degree,free/reduced,completed,93,100,100,bachelor's,degree
904,905,female,group D,some high school,free/reduced,none,67,84,84,some,high school
905,906,male,group D,some college,standard,none,88,77,77,some,college
906,907,male,group B,high school,standard,none,57,48,51,high,school
907,908,female,group D,some college,standard,completed,79,84,91,some,college
908,909,female,group C,bachelor's degree,free/reduced,none,67,75,72,bachelor's,degree
909,910,male,group E,bachelor's degree,standard,completed,70,64,70,bachelor's,degree
910,911,male,group D,bachelor's degree,free/reduced,none,50,42,48,bachelor's,degree
911,912,female,group A,some college,standard,none,69,84,82,some,college
912,913,female,group C,bachelor's degree,standard,completed,52,61,66,bachelor's,degree
913,914,female,group C,bachelor's degree,free/reduced,completed,47,62,66,bachelor's,degree
914,915,female,group B,associate's degree,free/reduced,none,46,61,55,associate's,degree
915,916,female,group E,some college,standard,none,68,70,66,some,college
916,917,male,group E,bachelor's degree,standard,completed,100,100,100,bachelor's,degree
917,918,female,group C,high school,standard,none,44,61,52,high,school
918,919,female,group C,associate's degree,standard,completed,57,77,80,associate's,degree
919,920,male,group B,some college,standard,completed,91,96,91,some,college
920,921,male,group D,high school,free/reduced,none,69,70,67,high,school
921,922,female,group C,high school,free/reduced,none,35,53,46,high,school
922,923,male,group D,high school,standard,none,72,66,66,high,school
923,924,female,group B,associate's degree,free/reduced,none,54,65,65,associate's,degree
924,925,male,group D,high school,free/reduced,none,74,70,69,high,school
925,926,male,group E,some high school,standard,completed,74,64,60,some,high school
926,927,male,group E,associate's degree,free/reduced,none,64,56,52,associate's,degree
927,928,female,group D,high school,free/reduced,completed,65,61,71,high,school
928,929,male,group E,associate's degree,free/reduced,completed,46,43,44,associate's,degree
929,930,female,group C,some high school,free/reduced,none,48,56,51,some,high school
930,931,male,group C,some college,free/reduced,completed,67,74,70,some,college
931,932,male,group D,some college,free/reduced,none,62,57,62,some,college
932,933,male,group D,associate's degree,free/reduced,completed,61,71,73,associate's,degree
933,934,male,group C,bachelor's degree,free/reduced,completed,70,75,74,bachelor's,degree
934,935,male,group C,associate's degree,standard,completed,98,87,90,associate's,degree
935,936,male,group D,some college,free/reduced,none,70,63,58,some,college
936,937,male,group A,associate's degree,standard,none,67,57,53,associate's,degree
937,938,female,group E,high school,free/reduced,none,57,58,57,high,school
938,939,male,group D,some college,standard,completed,85,81,85,some,college
939,940,male,group D,some high school,standard,completed,77,68,69,some,high school
940,941,male,group C,master's degree,free/reduced,completed,72,66,72,master's,degree
941,942,female,group D,master's degree,standard,none,78,91,96,master's,degree
942,943,male,group C,high school,standard,none,81,66,64,high,school
943,944,male,group A,some high school,free/reduced,completed,61,62,61,some,high school
944,945,female,group B,high school,standard,none,58,68,61,high,school
945,946,female,group C,associate's degree,standard,none,54,61,58,associate's,degree
946,947,male,group B,high school,standard,none,82,82,80,high,school
947,948,female,group D,some college,free/reduced,none,49,58,60,some,college
948,949,male,group B,some high school,free/reduced,completed,49,50,52,some,high school
949,950,female,group E,high school,free/reduced,completed,57,75,73,high,school
950,951,male,group E,high school,standard,none,94,73,71,high,school
951,952,female,group D,some college,standard,completed,75,77,83,some,college
952,953,female,group E,some high school,free/reduced,none,74,74,72,some,high school
953,954,male,group C,high school,standard,completed,58,52,54,high,school
954,955,female,group C,some college,standard,none,62,69,69,some,college
955,956,male,group E,associate's degree,standard,none,72,57,62,associate's,degree
956,957,male,group C,some college,standard,none,84,87,81,some,college
957,958,female,group D,master's degree,standard,none,92,100,100,master's,degree
958,959,female,group D,high school,standard,none,45,63,59,high,school
959,960,male,group C,high school,standard,none,75,81,71,high,school
960,961,female,group A,some college,standard,none,56,58,64,some,college
961,962,female,group D,some high school,free/reduced,none,48,54,53,some,high school
962,963,female,group E,associate's degree,standard,none,100,100,100,associate's,degree
963,964,female,group C,some high school,free/reduced,completed,65,76,75,some,high school
964,965,male,group D,some college,standard,none,72,57,58,some,college
965,966,female,group D,some college,standard,none,62,70,72,some,college
966,967,male,group A,some high school,standard,completed,66,68,64,some,high school
967,968,male,group C,some college,standard,none,63,63,60,some,college
968,969,female,group E,associate's degree,standard,none,68,76,67,associate's,degree
969,970,female,group B,bachelor's degree,standard,none,75,84,80,bachelor's,degree
970,971,female,group D,bachelor's degree,standard,none,89,100,100,bachelor's,degree
971,972,male,group C,some high school,standard,completed,78,72,69,some,high school
972,973,female,group A,high school,free/reduced,completed,53,50,60,high,school
973,974,female,group D,some college,free/reduced,none,49,65,61,some,college
974,975,female,group A,some college,standard,none,54,63,67,some,college
975,976,female,group C,some college,standard,completed,64,82,77,some,college
976,977,male,group B,some college,free/reduced,completed,60,62,60,some,college
977,978,male,group C,associate's degree,standard,none,62,65,58,associate's,degree
978,979,male,group D,high school,standard,completed,55,41,48,high,school
979,980,female,group C,associate's degree,standard,none,91,95,94,associate's,degree
980,981,female,group B,high school,free/reduced,none,8,24,23,high,school
981,982,male,group D,some high school,standard,none,81,78,78,some,high school
982,983,male,group B,some high school,standard,completed,79,85,86,some,high school
983,984,female,group A,some college,standard,completed,78,87,91,some,college
984,985,female,group C,some high school,standard,none,74,75,82,some,high school
985,986,male,group A,high school,standard,none,57,51,54,high,school
986,987,female,group C,associate's degree,standard,none,40,59,51,associate's,degree
987,988,male,group E,some high school,standard,completed,81,75,76,some,high school
988,989,female,group A,some high school,free/reduced,none,44,45,45,some,high school
989,990,female,group D,some college,free/reduced,completed,67,86,83,some,college
990,991,male,group E,high school,free/reduced,completed,86,81,75,high,school
991,992,female,group B,some high school,standard,completed,65,82,78,some,high school
992,993,female,group D,associate's degree,free/reduced,none,55,76,76,associate's,degree
993,994,female,group D,bachelor's degree,free/reduced,none,62,72,74,bachelor's,degree
994,995,male,group A,high school,standard,none,63,63,62,high,school
995,996,female,group E,master's degree,standard,completed,88,99,95,master's,degree
996,997,male,group C,high school,free/reduced,none,62,55,55,high,school
997,998,female,group C,high school,free/reduced,completed,59,71,65,high,school
998,999,female,group D,some college,standard,completed,68,78,77,some,college
999,1000,female,group D,some college,free/reduced,none,77,86,86,some,college
1000,346,female,group C,high school,standard,none,72,80,75,high,school
1001,347,male,group B,some college,standard,none,62,61,57,some,college
1002,348,female,group C,bachelor's degree,standard,completed,77,94,95,bachelor's,degree
1003,349,male,group D,high school,free/reduced,none,75,74,66,high,school
1004,350,male,group E,associate's degree,standard,none,87,74,76,associate's,degree
1005,351,female,group B,bachelor's degree,standard,none,52,65,69,bachelor's,degree
1006,352,male,group E,some college,standard,none,66,57,52,some,college
1007,353,female,group C,some college,standard,completed,63,78,80,some,college
1008,354,female,group C,associate's degree,standard,none,46,58,57,associate's,degree
1009,355,female,group C,some college,standard,none,59,71,70,some,college
1010,356,female,group B,bachelor's degree,standard,none,61,72,70,bachelor's,degree
1011,357,male,group A,associate's degree,standard,none,63,61,61,associate's,degree
1012,358,female,group C,some college,free/reduced,completed,42,66,69,some,college
1013,359,male,group D,some college,free/reduced,none,59,62,61,some,college
1014,360,female,group D,some college,standard,none,80,90,89,some,college
1015,361,female,group B,high school,standard,none,58,62,59,high,school
1016,362,male,group B,some high school,standard,completed,85,84,78,some,high school
1017,363,female,group C,some college,standard,none,52,58,58,some,college
1018,364,female,group D,some high school,free/reduced,none,27,34,32,some,high school
1019,365,male,group C,some college,standard,none,59,60,58,some,college
1020,366,male,group A,bachelor's degree,free/reduced,completed,49,58,60,bachelor's,degree
1021,367,male,group C,high school,standard,completed,69,58,53,high,school
1022,368,male,group C,bachelor's degree,free/reduced,none,61,66,61,bachelor's,degree
1023,369,female,group A,some high school,free/reduced,none,44,64,58,some,high school
1024,370,female,group D,some high school,standard,none,73,84,85,some,high school
1025,371,male,group E,some college,standard,none,84,77,71,some,college
1026,372,female,group C,some college,free/reduced,completed,45,73,70,some,college
1027,373,male,group D,some high school,standard,none,74,74,72,some,high school
1028,374,female,group D,some college,standard,completed,82,97,96,some,college
1029,375,female,group D,bachelor's degree,standard,none,59,70,73,bachelor's,degree
1030,376,male,group E,associate's degree,free/reduced,none,46,43,41,associate's,degree
1031,377,female,group D,some high school,standard,none,80,90,82,some,high school
1032,378,female,group D,master's degree,free/reduced,completed,85,95,100,master's,degree
1033,379,female,group A,some high school,standard,none,71,83,77,some,high school
1034,380,male,group A,bachelor's degree,standard,none,66,64,62,bachelor's,degree
1035,381,female,group B,associate's degree,standard,none,80,86,83,associate's,degree
1036,382,male,group C,associate's degree,standard,completed,87,100,95,associate's,degree
1037,383,male,group C,master's degree,free/reduced,none,79,81,71,master's,degree
1038,384,female,group E,some high school,free/reduced,none,38,49,45,some,high school
1039,385,female,group A,some high school,free/reduced,none,38,43,43,some,high school
1040,386,female,group E,some college,standard,none,67,76,75,some,college
1041,387,female,group E,bachelor's degree,standard,none,64,73,70,bachelor's,degree
1042,388,female,group C,associate's degree,free/reduced,none,57,78,67,associate's,degree
1043,389,female,group D,high school,standard,none,62,64,64,high,school
1044,390,male,group D,master's degree,standard,none,73,70,75,master's,degree
1045,391,male,group E,some high school,free/reduced,completed,73,67,59,some,high school
1046,392,female,group D,some college,standard,none,77,68,77,some,college
1047,393,male,group E,some college,standard,none,76,67,67,some,college
1048,394,male,group C,associate's degree,standard,completed,57,54,56,associate's,degree
1049,395,female,group C,some high school,standard,completed,65,74,77,some,high school
1050,396,male,group A,high school,free/reduced,none,48,45,41,high,school
1051,397,female,group B,high school,free/reduced,none,50,67,63,high,school
1052,398,female,group C,associate's degree,standard,none,85,89,95,associate's,degree
1053,399,male,group B,some high school,standard,none,74,63,57,some,high school
1054,990,female,group D,some college,free/reduced,completed,67,86,83,some,college
1055,991,male,group E,high school,free/reduced,completed,86,81,75,high,school
1056,992,female,group B,some high school,standard,completed,65,82,78,some,high school
1057,993,female,group D,associate's degree,free/reduced,none,55,76,76,associate's,degree
1058,994,female,group D,bachelor's degree,free/reduced,none,62,72,74,bachelor's,degree
1059,995,male,group A,high school,standard,none,63,63,62,high,school
1060,573,female,group C,some college,standard,none,53,62,56,some,college
1061,574,female,group C,high school,free/reduced,completed,50,66,64,high,school
1062,575,female,group E,high school,standard,none,74,81,71,high,school
1063,576,male,group A,associate's degree,free/reduced,completed,40,55,53,associate's,degree
1064,577,male,group A,some college,standard,completed,61,51,52,some,college
1065,578,female,group B,high school,standard,none,81,91,89,high,school
1066,579,female,group B,some college,free/reduced,completed,48,56,58,some,college
1067,580,female,group D,master's degree,standard,none,53,61,68,master's,degree
1068,581,female,group D,some high school,standard,none,81,97,96,some,high school
1069,582,female,group E,some high school,standard,none,77,79,80,some,high school
1070,583,female,group D,bachelor's degree,free/reduced,none,63,73,78,bachelor's,degree
1071,584,female,group D,associate's degree,standard,completed,73,75,80,associate's,degree
